{"0": [1.0968176126480103, 0.095238097012043], "1": [1.0477678775787354, 0.0], "2": [1.113331913948059, 0.45255473256111145], "3": [0.6618525981903076, 0.8087631464004517], "4": [1.1904704570770264, 0.7795371413230896], "5": [1.098809838294983, 0.681290328502655], "6": [0.520908534526825, 0.8659108877182007], "7": [0.8551561832427979, 0.7908410429954529], "8": [0.5817195773124695, 0.851361870765686], "9": [1.413413405418396, 0.7203219532966614], "10": [2.496029853820801, 0.421298086643219], "11": [1.0187090635299683, 0.7293172478675842], "12": [1.3843547105789185, 0.5549668669700623], "13": [0.641891360282898, 0.7960894107818604], "14": [0.49775418639183044, 0.8729909658432007], "15": [0.741878867149353, 0.7955082654953003], "16": [0.9587663412094116, 0.7354369163513184], "17": [2.1640079021453857, 0.553459107875824], "18": [1.5063307285308838, 0.2808103561401367], "19": [0.6121406555175781, 0.8421261310577393], "20": [1.0974749326705933, 0.8918918967247009], "21": [1.1060492992401123, 0.0], "22": [1.106905460357666, 0.0], "23": [1.1064876317977905, 0.0], "24": [1.112014651298523, 0.0], "25": [1.1061909198760986, 0.0], "26": [1.1041783094406128, 0.0], "27": [1.106434941291809, 0.0], "28": [1.1081687211990356, 0.0], "29": [1.1113075017929077, 0.0]}